{
    "execution": [
        [
            "Path",
            "Path1"
        ]
    ],
    "Path1": [
        {
            "nextControl": {
                "x": -0.3099600905365853,
                "y": -1.1909089430894306
            },
            "prevControl": null,
            "anchor": {
                "x": 5.122498338341463,
                "y": 4.633125203252032,
                "heading": 0.0
            }
        },
        {
            "nextControl": {
                "x": -0.26946060961674917,
                "y": -0.3483129274923442
            },
            "prevControl": {
                "x": 0.17450541573231937,
                "y": 0.28196984409757486
            },
            "anchor": {
                "x": 8.042648664975609,
                "y": 1.7455788617886177,
                "heading": null
            }
        },
        {
            "nextControl": {
                "x": -0.5575445683690946,
                "y": 0.03231567468761835
            },
            "prevControl": {
                "x": 2.577562858146341,
                "y": -0.7178081300813006
            },
            "anchor": {
                "x": 2.0392111219512192,
                "y": 1.631382113821138,
                "heading": null
            }
        },
        {
            "nextControl": null,
            "prevControl": {
                "x": 0.0,
                "y": 0.0
            },
            "anchor": {
                "x": 1.32140880702439,
                "y": 4.241593495934959,
                "heading": 0.0
            }
        }
    ]
}