{
    "execution": [
        [
            "Path",
            "Path1"
        ]
    ],
    "Path1": [
        {
            "nextControl": {
                "x": -0.3099600905365853,
                "y": -1.1909089430894306
            },
            "prevControl": null,
            "anchor": {
                "x": 2.076178855919586,
                "y": 4.958934773564533,
                "heading": 0.0
            }
        },
        {
            "nextControl": {
                "x": 0.5618519766360179,
                "y": -0.5596697819392329
            },
            "prevControl": {
                "x": -0.4577070413554489,
                "y": 0.1982464941138397
            },
            "anchor": {
                "x": 2.0314620927099836,
                "y": 0.8821835004604927,
                "heading": null
            }
        },
        {
            "nextControl": {
                "x": 0.40396650619698415,
                "y": -0.018401415656883833
            },
            "prevControl": {
                "x": -1.2181186359942835,
                "y": -0.22909377461255068
            },
            "anchor": {
                "x": 7.252164246951218,
                "y": 0.8657296235867633,
                "heading": null
            }
        },
        {
            "nextControl": null,
            "prevControl": {
                "x": -1.2054954101562498,
                "y": -1.07517158203125
            },
            "anchor": {
                "x": 9.059386101946263,
                "y": 2.286736074059959,
                "heading": 0.0
            }
        }
    ]
}