{
    "execution": [
        [
            "Path",
            "Path1"
        ]
    ],
    "Path1": [
        {
            "prevControl": {
                "x": -2.414425968390243,
                "y": -2.0881691056910565
            },
            "nextControl": null,
            "anchor": {
                "x": 8.385236133463414,
                "y": 5.220422764227641,
                "heading": 0.0
            }
        },
        {
            "prevControl": {
                "x": 0.1645586363088848,
                "y": -0.29575776650339103
            },
            "nextControl": {
                "x": -0.3276955260649823,
                "y": 0.13261955512127727
            },
            "anchor": {
                "x": 5.8729280312195105,
                "y": 2.6102113821138206,
                "heading": null
            }
        },
        {
            "prevControl": {
                "x": -0.5703794279380765,
                "y": -0.10578966593375067
            },
            "nextControl": {
                "x": 3.5400705077073162,
                "y": 0.09788292682926827
            },
            "anchor": {
                "x": 2.6917586809756093,
                "y": 1.6640097560975606,
                "heading": null
            }
        },
        {
            "prevControl": null,
            "nextControl": {
                "x": 0.0,
                "y": 0.0
            },
            "anchor": {
                "x": 0.5546654251707316,
                "y": 3.5237853658536578,
                "heading": 0.0
            }
        }
    ]
}