{
    "execution": [
        [
            "Path",
            "Path1"
        ]
    ],
    "Path1": [
        {
            "nextControl": {
                "x": -0.45678329131707307,
                "y": -1.0603983739837397
            },
            "prevControl": null,
            "anchor": {
                "x": 1.2957213566086119,
                "y": 5.365263031551701,
                "heading": 0.0
            }
        },
        {
            "nextControl": {
                "x": 1.0729862079440395,
                "y": -0.2944371677257753
            },
            "prevControl": {
                "x": -1.5777423283172587,
                "y": 0.19460124541955295
            },
            "anchor": {
                "x": 2.675746727979801,
                "y": 0.48129407353594883,
                "heading": null
            }
        },
        {
            "nextControl": {
                "x": 1.0906496944474084,
                "y": -0.42366915451918186
            },
            "prevControl": {
                "x": -0.1920268554301572,
                "y": -0.0491681444315983
            },
            "anchor": {
                "x": 6.6657070203887185,
                "y": 1.8757392915555133,
                "heading": null
            }
        },
        {
            "nextControl": null,
            "prevControl": {
                "x": 0.14661430664062497,
                "y": 0.0
            },
            "anchor": {
                "x": 7.690985906633765,
                "y": 4.176431581872459,
                "heading": 0.0
            }
        }
    ]
}