{
    "execution": [
        [
            "Path",
            "Path1"
        ]
    ],
    "Path1": [
        {
            "nextControl": {
                "x": -0.45678329131707307,
                "y": -1.0603983739837397
            },
            "prevControl": null,
            "anchor": {
                "x": 6.166574432780487,
                "y": 3.9805723577235765,
                "heading": 0.0
            }
        },
        {
            "nextControl": {
                "x": -0.3689120491913248,
                "y": -0.23612854187005683
            },
            "prevControl": {
                "x": 0.32132861651280714,
                "y": 0.13514545385367244
            },
            "anchor": {
                "x": 2.887522948682926,
                "y": 6.199252032520324,
                "heading": null
            }
        },
        {
            "nextControl": {
                "x": -0.5709791141463414,
                "y": -0.0815691056910569
            },
            "prevControl": {
                "x": 0.0,
                "y": 0.0
            },
            "anchor": {
                "x": 2.0392111219512192,
                "y": 1.631382113821138,
                "heading": null
            }
        },
        {
            "nextControl": null,
            "prevControl": {
                "x": 0.0,
                "y": 0.0
            },
            "anchor": {
                "x": 1.32140880702439,
                "y": 4.241593495934959,
                "heading": 0.0
            }
        }
    ]
}