{
    "execution": [
        [
            "Path",
            "Path1"
        ]
    ],
    "Path1": [
        {
            "prevControl": {
                "x": -0.5709791141463414,
                "y": -0.0815691056910569
            },
            "nextControl": null,
            "anchor": {
                "x": 8.222099243707316,
                "y": 8.222165853658534,
                "heading": 0.0
            }
        },
        {
            "prevControl": {
                "x": -0.2773327125853658,
                "y": -0.342590243902439
            },
            "nextControl": {
                "x": 0.11419582282926827,
                "y": 0.17945203252032516
            },
            "anchor": {
                "x": 7.732688574439023,
                "y": 3.19750894308943,
                "heading": null
            }
        },
        {
            "prevControl": {
                "x": -0.5709791141463414,
                "y": -0.0815691056910569
            },
            "nextControl": {
                "x": 0.0,
                "y": 0.0
            },
            "anchor": {
                "x": 2.0392111219512192,
                "y": 1.631382113821138,
                "heading": null
            }
        },
        {
            "prevControl": null,
            "nextControl": {
                "x": 0.0,
                "y": 0.0
            },
            "anchor": {
                "x": 1.1582719172682925,
                "y": 5.611954471544714,
                "heading": 0.0
            }
        }
    ]
}