{
    "initialPose": {
        "nextControl": {
            "x": -0.570166748046875,
            "y": -0.08145239257812499
        },
        "prevControl": null,
        "anchor": {
            "x": 1.6290478515624998,
            "y": 3.2580957031249995,
            "heading": 0.0
        }
    },
    "p0": [
        {
            "nextControl": null,
            "prevControl": {
                "x": 0.0,
                "y": 0.0
            },
            "anchor": {
                "x": 3.2580957031249995,
                "y": 4.8871435546874995,
                "heading": 0.0
            }
        }
    ],
    "execution": "S(p0)"
}